<?xml version="1.0" encoding="UTF-8"?>
<project-private xmlns="http://www.netbeans.org/ns/project-private/1">
    <editor-bookmarks xmlns="http://www.netbeans.org/ns/editor-bookmarks/2" lastBookmarkId="0"/>
    <open-files xmlns="http://www.netbeans.org/ns/projectui-open-files/2">
        <group>
            <file>file:/C:/Users/SMK_BIM/OneDrive/Documents/NetBeansProjects/PROJECTAKHIRPEMVIS/src/projectakhirpemvis/USERCATALOG.java</file>
            <file>file:/C:/Users/SMK_BIM/OneDrive/Documents/NetBeansProjects/PROJECTAKHIRPEMVIS/src/projectakhirpemvis/SIGHN_UP.java</file>
            <file>file:/C:/Users/SMK_BIM/OneDrive/Documents/NetBeansProjects/PROJECTAKHIRPEMVIS/src/projectakhirpemvis/LOGIN.java</file>
            <file>file:/C:/Users/SMK_BIM/OneDrive/Documents/NetBeansProjects/PROJECTAKHIRPEMVIS/src/projectakhirpemvis/ADMINCATALOG.java</file>
            <file>file:/C:/Users/SMK_BIM/OneDrive/Documents/NetBeansProjects/PROJECTAKHIRPEMVIS/src/projectakhirpemvis/user_frame.java</file>
        </group>
    </open-files>
</project-private>
